package_id,config_id,seed,scale,scenario,method_label,passenger_type,n_original,n_served,served_share,type_level_acceptance_rate,choice_rejection_rate,feasibility_rejection_rate,avg_wait,avg_walk,avg_ivt,mean_generalized_cost,equity_gini_acceptance,status
equity_type_outcomes,equity_type_outcomes:equity_default_choice_parameters:scale_100:seed_1,1,100,synthetic_n100_v10_s1,DoorToDoor_Choice_CommonRouting,price_sensitive,38,10,0.2631578947368421,0.2631578947368421,0.631578947368421,0.10526315789473684,655.0823845859679,0.0,3948.630685561721,0.18293298089100232,0.27951202009329035,completed
equity_type_outcomes,equity_type_outcomes:equity_default_choice_parameters:scale_100:seed_1,1,100,synthetic_n100_v10_s1,DoorToDoor_Choice_CommonRouting,time_sensitive,36,4,0.1111111111111111,0.1111111111111111,0.8333333333333334,0.05555555555555555,5049.254935960692,0.0,4432.049958637276,0.18911482837857507,0.27951202009329035,completed
equity_type_outcomes,equity_type_outcomes:equity_default_choice_parameters:scale_100:seed_1,1,100,synthetic_n100_v10_s1,DoorToDoor_Choice_CommonRouting,walk_sensitive,26,12,0.46153846153846156,0.46153846153846156,0.38461538461538464,0.15384615384615385,355.39789697458247,0.0,4454.310222275829,0.3391625561711604,0.27951202009329035,completed
equity_type_outcomes,equity_type_outcomes:equity_default_choice_parameters:scale_100:seed_1,1,100,synthetic_n100_v10_s1,BidirectionalMP_Choice_RH_ALNS,price_sensitive,38,4,0.10526315789473684,0.10526315789473684,0.3157894736842105,0.5789473684210527,297.8896517991558,275.52187657475037,1271.7528345884652,0.0857572459070977,0.13727422003284095,completed
equity_type_outcomes,equity_type_outcomes:equity_default_choice_parameters:scale_100:seed_1,1,100,synthetic_n100_v10_s1,BidirectionalMP_Choice_RH_ALNS,time_sensitive,36,3,0.08333333333333333,0.08333333333333333,0.4166666666666667,0.5,443.3558510942144,0.0,819.0196267330808,0.11427620213819914,0.13727422003284095,completed
equity_type_outcomes,equity_type_outcomes:equity_default_choice_parameters:scale_100:seed_1,1,100,synthetic_n100_v10_s1,BidirectionalMP_Choice_RH_ALNS,walk_sensitive,26,4,0.15384615384615385,0.15384615384615385,0.4230769230769231,0.4230769230769231,429.9981187513623,499.6773218108614,945.6758859358656,0.09849811852001697,0.13727422003284095,completed
equity_type_outcomes,equity_type_outcomes:equity_default_choice_parameters:scale_100:seed_2,2,100,synthetic_n100_v10_s2,DoorToDoor_Choice_CommonRouting,price_sensitive,38,10,0.2631578947368421,0.2631578947368421,0.6052631578947368,0.13157894736842105,2829.599863781512,0.0,4923.642074737702,0.15601165665898772,0.17840375586854496,completed
equity_type_outcomes,equity_type_outcomes:equity_default_choice_parameters:scale_100:seed_2,2,100,synthetic_n100_v10_s2,DoorToDoor_Choice_CommonRouting,time_sensitive,36,6,0.16666666666666666,0.16666666666666666,0.75,0.08333333333333333,3475.3970910264197,0.0,846.7003469885245,0.27921842555200516,0.17840375586854496,completed
equity_type_outcomes,equity_type_outcomes:equity_default_choice_parameters:scale_100:seed_2,2,100,synthetic_n100_v10_s2,DoorToDoor_Choice_CommonRouting,walk_sensitive,26,10,0.38461538461538464,0.38461538461538464,0.5,0.11538461538461539,523.2507823384589,0.0,2526.69660470149,0.25049061553359786,0.17840375586854496,completed
equity_type_outcomes,equity_type_outcomes:equity_default_choice_parameters:scale_100:seed_2,2,100,synthetic_n100_v10_s2,BidirectionalMP_Choice_RH_ALNS,price_sensitive,38,7,0.18421052631578946,0.18421052631578946,0.4473684210526316,0.3684210526315789,509.98496442478285,0.0,796.9419331729041,0.11802387268870133,0.26816628073657567,completed
equity_type_outcomes,equity_type_outcomes:equity_default_choice_parameters:scale_100:seed_2,2,100,synthetic_n100_v10_s2,BidirectionalMP_Choice_RH_ALNS,time_sensitive,36,4,0.1111111111111111,0.1111111111111111,0.5833333333333334,0.3055555555555556,520.123541394489,238.50003234859958,624.9194008752261,0.13174812287110468,0.26816628073657567,completed
equity_type_outcomes,equity_type_outcomes:equity_default_choice_parameters:scale_100:seed_2,2,100,synthetic_n100_v10_s2,BidirectionalMP_Choice_RH_ALNS,walk_sensitive,26,10,0.38461538461538464,0.38461538461538464,0.2692307692307692,0.34615384615384615,341.01693263409004,0.0,1370.3841481851275,0.26638318198710054,0.26816628073657567,completed
equity_type_outcomes,equity_type_outcomes:equity_default_choice_parameters:scale_100:seed_3,3,100,synthetic_n100_v10_s3,DoorToDoor_Choice_CommonRouting,price_sensitive,38,12,0.3157894736842105,0.3157894736842105,0.6052631578947368,0.07894736842105263,1988.51651306033,0.0,8863.94957956708,0.2104224857181231,0.3089430894308942,completed
equity_type_outcomes,equity_type_outcomes:equity_default_choice_parameters:scale_100:seed_3,3,100,synthetic_n100_v10_s3,DoorToDoor_Choice_CommonRouting,time_sensitive,36,3,0.08333333333333333,0.08333333333333333,0.6388888888888888,0.2777777777777778,231.2959373602192,0.0,2477.728095129029,0.10422331391372446,0.3089430894308942,completed
equity_type_outcomes,equity_type_outcomes:equity_default_choice_parameters:scale_100:seed_3,3,100,synthetic_n100_v10_s3,DoorToDoor_Choice_CommonRouting,walk_sensitive,26,13,0.5,0.5,0.3076923076923077,0.19230769230769232,2897.192359887418,0.0,8742.639581428548,0.311144179766405,0.3089430894308942,completed
equity_type_outcomes,equity_type_outcomes:equity_default_choice_parameters:scale_100:seed_3,3,100,synthetic_n100_v10_s3,BidirectionalMP_Choice_RH_ALNS,price_sensitive,38,6,0.15789473684210525,0.15789473684210525,0.5789473684210527,0.2631578947368421,531.5735462020664,349.2970367189818,1215.2824580923702,0.11081652299034228,0.22468588322246874,completed
equity_type_outcomes,equity_type_outcomes:equity_default_choice_parameters:scale_100:seed_3,3,100,synthetic_n100_v10_s3,BidirectionalMP_Choice_RH_ALNS,time_sensitive,36,2,0.05555555555555555,0.05555555555555555,0.5277777777777778,0.4166666666666667,396.94986773814003,0.0,865.3531596534665,0.06872468988756367,0.22468588322246874,completed
equity_type_outcomes,equity_type_outcomes:equity_default_choice_parameters:scale_100:seed_3,3,100,synthetic_n100_v10_s3,BidirectionalMP_Choice_RH_ALNS,walk_sensitive,26,5,0.19230769230769232,0.19230769230769232,0.3076923076923077,0.5,455.746759499832,0.0,953.3564461957405,0.16219988878888117,0.22468588322246874,completed
equity_type_outcomes,equity_type_outcomes:equity_default_choice_parameters:scale_100:seed_4,4,100,synthetic_n100_v10_s4,DoorToDoor_Choice_CommonRouting,price_sensitive,38,0,0.0,0.0,0.21052631578947367,0.7894736842105263,0.0,0.0,0.0,0.0,0.6666666666666667,completed
equity_type_outcomes,equity_type_outcomes:equity_default_choice_parameters:scale_100:seed_4,4,100,synthetic_n100_v10_s4,DoorToDoor_Choice_CommonRouting,time_sensitive,36,0,0.0,0.0,0.1388888888888889,0.8611111111111112,0.0,0.0,0.0,0.0,0.6666666666666667,completed
equity_type_outcomes,equity_type_outcomes:equity_default_choice_parameters:scale_100:seed_4,4,100,synthetic_n100_v10_s4,DoorToDoor_Choice_CommonRouting,walk_sensitive,26,1,0.038461538461538464,0.038461538461538464,0.11538461538461539,0.8461538461538461,320.3885697906205,0.0,2054.2822951242624,0.034552044034685946,0.6666666666666667,completed
equity_type_outcomes,equity_type_outcomes:equity_default_choice_parameters:scale_100:seed_4,4,100,synthetic_n100_v10_s4,BidirectionalMP_Choice_RH_ALNS,price_sensitive,38,1,0.02631578947368421,0.02631578947368421,0.15789473684210525,0.8157894736842105,286.13749831269797,2074.026536634389,1747.925543644782,0.017717477089235382,0.3958333333333335,completed
equity_type_outcomes,equity_type_outcomes:equity_default_choice_parameters:scale_100:seed_4,4,100,synthetic_n100_v10_s4,BidirectionalMP_Choice_RH_ALNS,time_sensitive,36,0,0.0,0.0,0.1388888888888889,0.8611111111111112,0.0,0.0,0.0,0.0,0.3958333333333335,completed
equity_type_outcomes,equity_type_outcomes:equity_default_choice_parameters:scale_100:seed_4,4,100,synthetic_n100_v10_s4,BidirectionalMP_Choice_RH_ALNS,walk_sensitive,26,1,0.038461538461538464,0.038461538461538464,0.07692307692307693,0.8846153846153846,0.0,0.0,0.0,0.0,0.3958333333333335,completed
equity_type_outcomes,equity_type_outcomes:equity_default_choice_parameters:scale_100:seed_5,5,100,synthetic_n100_v10_s5,DoorToDoor_Choice_CommonRouting,price_sensitive,38,6,0.15789473684210525,0.15789473684210525,0.3157894736842105,0.5263157894736842,7880.719833535758,0.0,5805.144047065257,0.10104626336463689,0.20824398379795106,completed
equity_type_outcomes,equity_type_outcomes:equity_default_choice_parameters:scale_100:seed_5,5,100,synthetic_n100_v10_s5,DoorToDoor_Choice_CommonRouting,time_sensitive,36,3,0.08333333333333333,0.08333333333333333,0.4166666666666667,0.5,232.00995251785596,0.0,15846.264300535864,0.08551412937831501,0.20824398379795106,completed
equity_type_outcomes,equity_type_outcomes:equity_default_choice_parameters:scale_100:seed_5,5,100,synthetic_n100_v10_s5,DoorToDoor_Choice_CommonRouting,walk_sensitive,26,6,0.23076923076923078,0.23076923076923078,0.15384615384615385,0.6153846153846154,4306.565341879915,0.0,8971.3608276498,0.1516702793321534,0.20824398379795106,completed
equity_type_outcomes,equity_type_outcomes:equity_default_choice_parameters:scale_100:seed_5,5,100,synthetic_n100_v10_s5,BidirectionalMP_Choice_RH_ALNS,price_sensitive,38,4,0.10526315789473684,0.10526315789473684,0.34210526315789475,0.5526315789473685,483.05660960312,0.0,1052.4219053026175,0.06823463350931507,0.27069516089412926,completed
equity_type_outcomes,equity_type_outcomes:equity_default_choice_parameters:scale_100:seed_5,5,100,synthetic_n100_v10_s5,BidirectionalMP_Choice_RH_ALNS,time_sensitive,36,3,0.08333333333333333,0.08333333333333333,0.3611111111111111,0.5555555555555556,457.00413765013826,0.0,984.6799145774758,0.1755417861213301,0.27069516089412926,completed
equity_type_outcomes,equity_type_outcomes:equity_default_choice_parameters:scale_100:seed_5,5,100,synthetic_n100_v10_s5,BidirectionalMP_Choice_RH_ALNS,walk_sensitive,26,7,0.2692307692307692,0.2692307692307692,0.19230769230769232,0.5384615384615384,617.8528077625825,294.45383832295175,1155.6512763531896,0.1817545614984621,0.27069516089412926,completed
equity_type_outcomes,equity_type_outcomes:equity_default_choice_parameters:scale_100:seed_6,6,100,synthetic_n100_v10_s6,DoorToDoor_Choice_CommonRouting,price_sensitive,38,8,0.21052631578947367,0.21052631578947367,0.6052631578947368,0.18421052631578946,850.272162781261,0.0,3824.690406342193,0.11153571357137197,0.25817409766454347,completed
equity_type_outcomes,equity_type_outcomes:equity_default_choice_parameters:scale_100:seed_6,6,100,synthetic_n100_v10_s6,DoorToDoor_Choice_CommonRouting,time_sensitive,36,4,0.1111111111111111,0.1111111111111111,0.6944444444444444,0.19444444444444445,525.232931617154,0.0,789.0349575462095,0.20341518601815725,0.25817409766454347,completed
equity_type_outcomes,equity_type_outcomes:equity_default_choice_parameters:scale_100:seed_6,6,100,synthetic_n100_v10_s6,DoorToDoor_Choice_CommonRouting,walk_sensitive,26,10,0.38461538461538464,0.38461538461538464,0.3076923076923077,0.3076923076923077,1611.2829576573192,0.0,898.0572001353792,0.20457095097744069,0.25817409766454347,completed
equity_type_outcomes,equity_type_outcomes:equity_default_choice_parameters:scale_100:seed_6,6,100,synthetic_n100_v10_s6,BidirectionalMP_Choice_RH_ALNS,price_sensitive,38,8,0.21052631578947367,0.21052631578947367,0.39473684210526316,0.39473684210526316,403.2037262902776,273.2223134920783,1198.8697881990936,0.12484782310596974,0.266106442577031,completed
equity_type_outcomes,equity_type_outcomes:equity_default_choice_parameters:scale_100:seed_6,6,100,synthetic_n100_v10_s6,BidirectionalMP_Choice_RH_ALNS,time_sensitive,36,2,0.05555555555555555,0.05555555555555555,0.5277777777777778,0.4166666666666667,445.81074698903717,0.0,947.2798121089595,0.09089027328093237,0.266106442577031,completed
equity_type_outcomes,equity_type_outcomes:equity_default_choice_parameters:scale_100:seed_6,6,100,synthetic_n100_v10_s6,BidirectionalMP_Choice_RH_ALNS,walk_sensitive,26,7,0.2692307692307692,0.2692307692307692,0.4230769230769231,0.3076923076923077,688.9508632554187,0.0,536.518139112979,0.10265098406572684,0.266106442577031,completed
equity_type_outcomes,equity_type_outcomes:equity_default_choice_parameters:scale_100:seed_7,7,100,synthetic_n100_v10_s7,DoorToDoor_Choice_CommonRouting,price_sensitive,38,10,0.2631578947368421,0.2631578947368421,0.6052631578947368,0.13157894736842105,960.8249044263224,0.0,9648.52563582848,0.1286076902484425,0.38807969194709524,completed
equity_type_outcomes,equity_type_outcomes:equity_default_choice_parameters:scale_100:seed_7,7,100,synthetic_n100_v10_s7,DoorToDoor_Choice_CommonRouting,time_sensitive,36,2,0.05555555555555555,0.05555555555555555,0.8333333333333334,0.1111111111111111,340.0906488077544,0.0,1634.8198360756214,0.15258764052483811,0.38807969194709524,completed
equity_type_outcomes,equity_type_outcomes:equity_default_choice_parameters:scale_100:seed_7,7,100,synthetic_n100_v10_s7,DoorToDoor_Choice_CommonRouting,walk_sensitive,26,15,0.5769230769230769,0.5769230769230769,0.34615384615384615,0.07692307692307693,2235.6795787062406,0.0,4211.3277315459145,0.3700998122071973,0.38807969194709524,completed
equity_type_outcomes,equity_type_outcomes:equity_default_choice_parameters:scale_100:seed_7,7,100,synthetic_n100_v10_s7,BidirectionalMP_Choice_RH_ALNS,price_sensitive,38,6,0.15789473684210525,0.15789473684210525,0.47368421052631576,0.3684210526315789,563.282310071368,0.0,982.5068128735944,0.09118031701527106,0.4202211690363349,completed
equity_type_outcomes,equity_type_outcomes:equity_default_choice_parameters:scale_100:seed_7,7,100,synthetic_n100_v10_s7,BidirectionalMP_Choice_RH_ALNS,time_sensitive,36,0,0.0,0.0,0.6666666666666666,0.3333333333333333,0.0,0.0,0.0,0.0,0.4202211690363349,completed
equity_type_outcomes,equity_type_outcomes:equity_default_choice_parameters:scale_100:seed_7,7,100,synthetic_n100_v10_s7,BidirectionalMP_Choice_RH_ALNS,walk_sensitive,26,7,0.2692307692307692,0.2692307692307692,0.19230769230769232,0.5384615384615384,353.577851455689,251.9525026431164,1219.7352316870545,0.1773501266366267,0.4202211690363349,completed
equity_type_outcomes,equity_type_outcomes:equity_default_choice_parameters:scale_100:seed_8,8,100,synthetic_n100_v10_s8,DoorToDoor_Choice_CommonRouting,price_sensitive,38,7,0.18421052631578946,0.18421052631578946,0.39473684210526316,0.42105263157894735,1995.2588687791451,0.0,3909.826206156781,0.13971129892337827,0.33450183064578964,completed
equity_type_outcomes,equity_type_outcomes:equity_default_choice_parameters:scale_100:seed_8,8,100,synthetic_n100_v10_s8,DoorToDoor_Choice_CommonRouting,time_sensitive,36,1,0.027777777777777776,0.027777777777777776,0.6388888888888888,0.3333333333333333,598.2415659172993,0.0,251.99837230347748,0.037029641840744504,0.33450183064578964,completed
equity_type_outcomes,equity_type_outcomes:equity_default_choice_parameters:scale_100:seed_8,8,100,synthetic_n100_v10_s8,DoorToDoor_Choice_CommonRouting,walk_sensitive,26,7,0.2692307692307692,0.2692307692307692,0.3076923076923077,0.4230769230769231,1038.9671718902307,0.0,7029.305009877486,0.205103521724851,0.33450183064578964,completed
equity_type_outcomes,equity_type_outcomes:equity_default_choice_parameters:scale_100:seed_8,8,100,synthetic_n100_v10_s8,BidirectionalMP_Choice_RH_ALNS,price_sensitive,38,2,0.05263157894736842,0.05263157894736842,0.3684210526315789,0.5789473684210527,273.0883951574997,0.0,1499.608367940818,0.03191375700416521,0.2575107296137342,completed
equity_type_outcomes,equity_type_outcomes:equity_default_choice_parameters:scale_100:seed_8,8,100,synthetic_n100_v10_s8,BidirectionalMP_Choice_RH_ALNS,time_sensitive,36,2,0.05555555555555555,0.05555555555555555,0.4444444444444444,0.5,341.9256678937095,1364.4279925619153,246.0472053594217,0.04390549137575085,0.2575107296137342,completed
equity_type_outcomes,equity_type_outcomes:equity_default_choice_parameters:scale_100:seed_8,8,100,synthetic_n100_v10_s8,BidirectionalMP_Choice_RH_ALNS,walk_sensitive,26,4,0.15384615384615385,0.15384615384615385,0.2692307692307692,0.5769230769230769,466.83712748005087,0.0,1034.3066092611693,0.06974751643263985,0.2575107296137342,completed
equity_type_outcomes,equity_type_outcomes:equity_default_choice_parameters:scale_100:seed_9,9,100,synthetic_n100_v10_s9,DoorToDoor_Choice_CommonRouting,price_sensitive,38,6,0.15789473684210525,0.15789473684210525,0.47368421052631576,0.3684210526315789,5518.846664894486,0.0,3674.315279058426,0.11594797819351464,0.3005091539378184,completed
equity_type_outcomes,equity_type_outcomes:equity_default_choice_parameters:scale_100:seed_9,9,100,synthetic_n100_v10_s9,DoorToDoor_Choice_CommonRouting,time_sensitive,36,4,0.1111111111111111,0.1111111111111111,0.5277777777777778,0.3611111111111111,1017.2865206924977,0.0,1434.100982952477,0.20029531336131728,0.3005091539378184,completed
equity_type_outcomes,equity_type_outcomes:equity_default_choice_parameters:scale_100:seed_9,9,100,synthetic_n100_v10_s9,DoorToDoor_Choice_CommonRouting,walk_sensitive,26,11,0.4230769230769231,0.4230769230769231,0.3076923076923077,0.2692307692307692,4895.881968439825,0.0,6389.310751794712,0.28064603594039067,0.3005091539378184,completed
equity_type_outcomes,equity_type_outcomes:equity_default_choice_parameters:scale_100:seed_9,9,100,synthetic_n100_v10_s9,BidirectionalMP_Choice_RH_ALNS,price_sensitive,38,5,0.13157894736842105,0.13157894736842105,0.5526315789473685,0.3157894736842105,493.12261278116387,0.0,1159.8897478786055,0.08023987420906618,0.220539994953318,completed
equity_type_outcomes,equity_type_outcomes:equity_default_choice_parameters:scale_100:seed_9,9,100,synthetic_n100_v10_s9,BidirectionalMP_Choice_RH_ALNS,time_sensitive,36,3,0.08333333333333333,0.08333333333333333,0.6111111111111112,0.3055555555555556,415.5742732897035,0.0,1348.9223557990335,0.19465201890458528,0.220539994953318,completed
equity_type_outcomes,equity_type_outcomes:equity_default_choice_parameters:scale_100:seed_9,9,100,synthetic_n100_v10_s9,BidirectionalMP_Choice_RH_ALNS,walk_sensitive,26,6,0.23076923076923078,0.23076923076923078,0.34615384615384615,0.4230769230769231,386.30794264779246,0.0,988.7804250725018,0.1287074094996841,0.220539994953318,completed
equity_type_outcomes,equity_type_outcomes:equity_default_choice_parameters:scale_100:seed_10,10,100,synthetic_n100_v10_s10,DoorToDoor_Choice_CommonRouting,price_sensitive,38,2,0.05263157894736842,0.05263157894736842,0.3157894736842105,0.631578947368421,433.2646370397779,0.0,10167.05397335811,0.041774044307298565,0.3134000488162072,completed
equity_type_outcomes,equity_type_outcomes:equity_default_choice_parameters:scale_100:seed_10,10,100,synthetic_n100_v10_s10,DoorToDoor_Choice_CommonRouting,time_sensitive,36,5,0.1388888888888889,0.1388888888888889,0.5,0.3611111111111111,1081.752212486435,0.0,7531.555341861569,0.21301266688144704,0.3134000488162072,completed
equity_type_outcomes,equity_type_outcomes:equity_default_choice_parameters:scale_100:seed_10,10,100,synthetic_n100_v10_s10,DoorToDoor_Choice_CommonRouting,walk_sensitive,26,7,0.2692307692307692,0.2692307692307692,0.19230769230769232,0.5384615384615384,3309.2977734395577,0.0,10179.91890213087,0.2058829914671174,0.3134000488162072,completed
equity_type_outcomes,equity_type_outcomes:equity_default_choice_parameters:scale_100:seed_10,10,100,synthetic_n100_v10_s10,BidirectionalMP_Choice_RH_ALNS,price_sensitive,38,4,0.10526315789473684,0.10526315789473684,0.4473684210526316,0.4473684210526316,106.69000822584167,384.02577323673796,761.7923923120329,0.03568651723988423,0.29295701032274923,completed
equity_type_outcomes,equity_type_outcomes:equity_default_choice_parameters:scale_100:seed_10,10,100,synthetic_n100_v10_s10,BidirectionalMP_Choice_RH_ALNS,time_sensitive,36,1,0.027777777777777776,0.027777777777777776,0.5833333333333334,0.3888888888888889,513.3140750876823,0.0,1107.5478354485513,0.03728945342331596,0.29295701032274923,completed
equity_type_outcomes,equity_type_outcomes:equity_default_choice_parameters:scale_100:seed_10,10,100,synthetic_n100_v10_s10,BidirectionalMP_Choice_RH_ALNS,walk_sensitive,26,4,0.15384615384615385,0.15384615384615385,0.34615384615384615,0.5,289.8776692977509,0.0,1353.1381351755094,0.1309427758965653,0.29295701032274923,completed
equity_type_outcomes,equity_type_outcomes:equity_default_choice_parameters:scale_200:seed_1,1,200,synthetic_n200_v15_s1,DoorToDoor_Choice_CommonRouting,price_sensitive,73,13,0.1780821917808219,0.1780821917808219,0.6575342465753424,0.1643835616438356,6424.213643641858,0.0,6356.695124544461,0.14363792388978028,0.28864126527677914,completed
equity_type_outcomes,equity_type_outcomes:equity_default_choice_parameters:scale_200:seed_1,1,200,synthetic_n200_v15_s1,DoorToDoor_Choice_CommonRouting,time_sensitive,67,7,0.1044776119402985,0.1044776119402985,0.5970149253731343,0.29850746268656714,1955.9456686577262,0.0,10375.472932589544,0.16926258214923287,0.28864126527677914,completed
equity_type_outcomes,equity_type_outcomes:equity_default_choice_parameters:scale_200:seed_1,1,200,synthetic_n200_v15_s1,DoorToDoor_Choice_CommonRouting,walk_sensitive,60,24,0.4,0.4,0.4666666666666667,0.13333333333333333,2596.932448779142,0.0,5908.915392436131,0.2960270984062483,0.28864126527677914,completed
equity_type_outcomes,equity_type_outcomes:equity_default_choice_parameters:scale_200:seed_1,1,200,synthetic_n200_v15_s1,BidirectionalMP_Choice_RH_ALNS,price_sensitive,73,13,0.1780821917808219,0.1780821917808219,0.5616438356164384,0.2602739726027397,275.73428687216983,0.0,1080.761153210632,0.10208598044521643,0.20664230933807337,completed
equity_type_outcomes,equity_type_outcomes:equity_default_choice_parameters:scale_200:seed_1,1,200,synthetic_n200_v15_s1,BidirectionalMP_Choice_RH_ALNS,time_sensitive,67,6,0.08955223880597014,0.08955223880597014,0.7611940298507462,0.14925373134328357,319.5538078984495,269.5986136904694,708.9875778077909,0.09107409975895098,0.20664230933807337,completed
equity_type_outcomes,equity_type_outcomes:equity_default_choice_parameters:scale_200:seed_1,1,200,synthetic_n200_v15_s1,BidirectionalMP_Choice_RH_ALNS,walk_sensitive,60,15,0.25,0.25,0.45,0.3,296.5769924070582,0.0,1064.7699740624623,0.1628347662960402,0.20664230933807337,completed
equity_type_outcomes,equity_type_outcomes:equity_default_choice_parameters:scale_200:seed_2,2,200,synthetic_n200_v15_s2,DoorToDoor_Choice_CommonRouting,price_sensitive,73,14,0.1917808219178082,0.1917808219178082,0.4931506849315068,0.3150684931506849,4119.747343423244,0.0,5160.196395954784,0.1136834132683159,0.3452618926299009,completed
equity_type_outcomes,equity_type_outcomes:equity_default_choice_parameters:scale_200:seed_2,2,200,synthetic_n200_v15_s2,DoorToDoor_Choice_CommonRouting,time_sensitive,67,2,0.029850746268656716,0.029850746268656716,0.6716417910447762,0.29850746268656714,5416.806100775068,0.0,1022.7786234351962,0.06251076749934482,0.3452618926299009,completed
equity_type_outcomes,equity_type_outcomes:equity_default_choice_parameters:scale_200:seed_2,2,200,synthetic_n200_v15_s2,DoorToDoor_Choice_CommonRouting,walk_sensitive,60,18,0.3,0.3,0.38333333333333336,0.31666666666666665,1004.1094560635551,0.0,6785.344125367598,0.20468260165083632,0.3452618926299009,completed
equity_type_outcomes,equity_type_outcomes:equity_default_choice_parameters:scale_200:seed_2,2,200,synthetic_n200_v15_s2,BidirectionalMP_Choice_RH_ALNS,price_sensitive,73,12,0.1643835616438356,0.1643835616438356,0.6164383561643836,0.2191780821917808,466.8051855980992,111.37228411441099,1010.0897735454637,0.10010872222266877,0.2532757538847672,completed
equity_type_outcomes,equity_type_outcomes:equity_default_choice_parameters:scale_200:seed_2,2,200,synthetic_n200_v15_s2,BidirectionalMP_Choice_RH_ALNS,time_sensitive,67,6,0.08955223880597014,0.08955223880597014,0.7761194029850746,0.13432835820895522,660.8150078426257,220.52382997300984,824.6070337822102,0.12572545995197165,0.2532757538847672,completed
equity_type_outcomes,equity_type_outcomes:equity_default_choice_parameters:scale_200:seed_2,2,200,synthetic_n200_v15_s2,BidirectionalMP_Choice_RH_ALNS,walk_sensitive,60,18,0.3,0.3,0.4166666666666667,0.2833333333333333,435.63917012925117,137.98953815102283,1140.145497262773,0.19809346870640043,0.2532757538847672,completed
equity_type_outcomes,equity_type_outcomes:equity_default_choice_parameters:scale_200:seed_3,3,200,synthetic_n200_v15_s3,DoorToDoor_Choice_CommonRouting,price_sensitive,73,13,0.1780821917808219,0.1780821917808219,0.6027397260273972,0.2191780821917808,2730.7962102553165,0.0,8203.056272948486,0.12308231467667813,0.2755526340688508,completed
equity_type_outcomes,equity_type_outcomes:equity_default_choice_parameters:scale_200:seed_3,3,200,synthetic_n200_v15_s3,DoorToDoor_Choice_CommonRouting,time_sensitive,67,3,0.04477611940298507,0.04477611940298507,0.5522388059701493,0.40298507462686567,7727.689874184121,0.0,369.4307532217029,0.0435359261061944,0.2755526340688508,completed
equity_type_outcomes,equity_type_outcomes:equity_default_choice_parameters:scale_200:seed_3,3,200,synthetic_n200_v15_s3,DoorToDoor_Choice_CommonRouting,walk_sensitive,60,14,0.23333333333333334,0.23333333333333334,0.38333333333333336,0.38333333333333336,9426.633805670896,0.0,6115.741093588617,0.1578770955972191,0.2755526340688508,completed
equity_type_outcomes,equity_type_outcomes:equity_default_choice_parameters:scale_200:seed_3,3,200,synthetic_n200_v15_s3,BidirectionalMP_Choice_RH_ALNS,price_sensitive,73,10,0.136986301369863,0.136986301369863,0.4794520547945205,0.3835616438356164,363.04063526677174,0.0,1267.0411562045874,0.09926168119611589,0.34194709630465403,completed
equity_type_outcomes,equity_type_outcomes:equity_default_choice_parameters:scale_200:seed_3,3,200,synthetic_n200_v15_s3,BidirectionalMP_Choice_RH_ALNS,time_sensitive,67,3,0.04477611940298507,0.04477611940298507,0.6417910447761194,0.31343283582089554,325.7823465792317,0.0,369.4307532217028,0.03711404184056406,0.34194709630465403,completed
equity_type_outcomes,equity_type_outcomes:equity_default_choice_parameters:scale_200:seed_3,3,200,synthetic_n200_v15_s3,BidirectionalMP_Choice_RH_ALNS,walk_sensitive,60,17,0.2833333333333333,0.2833333333333333,0.36666666666666664,0.35,507.4135812802387,108.54557450691573,1061.3274013395978,0.1969086427115707,0.34194709630465403,completed
equity_type_outcomes,equity_type_outcomes:equity_default_choice_parameters:scale_200:seed_4,4,200,synthetic_n200_v15_s4,DoorToDoor_Choice_CommonRouting,price_sensitive,73,15,0.2054794520547945,0.2054794520547945,0.6575342465753424,0.136986301369863,2715.339137329108,0.0,8363.638860028472,0.12941595316529486,0.2681471068666148,completed
equity_type_outcomes,equity_type_outcomes:equity_default_choice_parameters:scale_200:seed_4,4,200,synthetic_n200_v15_s4,DoorToDoor_Choice_CommonRouting,time_sensitive,67,7,0.1044776119402985,0.1044776119402985,0.7761194029850746,0.11940298507462686,9819.64129100337,0.0,3680.061082522138,0.1577887582606997,0.2681471068666148,completed
equity_type_outcomes,equity_type_outcomes:equity_default_choice_parameters:scale_200:seed_4,4,200,synthetic_n200_v15_s4,DoorToDoor_Choice_CommonRouting,walk_sensitive,60,23,0.38333333333333336,0.38333333333333336,0.45,0.16666666666666666,2864.427182541347,0.0,6124.810053409327,0.31915156655517146,0.2681471068666148,completed
equity_type_outcomes,equity_type_outcomes:equity_default_choice_parameters:scale_200:seed_4,4,200,synthetic_n200_v15_s4,BidirectionalMP_Choice_RH_ALNS,price_sensitive,73,7,0.0958904109589041,0.0958904109589041,0.5205479452054794,0.3835616438356164,294.21510555933594,0.0,1083.7160530767396,0.06318823940194421,0.21394358701436955,completed
equity_type_outcomes,equity_type_outcomes:equity_default_choice_parameters:scale_200:seed_4,4,200,synthetic_n200_v15_s4,BidirectionalMP_Choice_RH_ALNS,time_sensitive,67,9,0.13432835820895522,0.13432835820895522,0.5074626865671642,0.3582089552238806,486.59808089276845,307.1860462479986,559.4811634946678,0.1615171032197105,0.21394358701436955,completed
equity_type_outcomes,equity_type_outcomes:equity_default_choice_parameters:scale_200:seed_4,4,200,synthetic_n200_v15_s4,BidirectionalMP_Choice_RH_ALNS,walk_sensitive,60,15,0.25,0.25,0.2833333333333333,0.4666666666666667,437.12128771048907,112.63599947143229,1330.8420565593094,0.2123134009704071,0.21394358701436955,completed
equity_type_outcomes,equity_type_outcomes:equity_default_choice_parameters:scale_200:seed_5,5,200,synthetic_n200_v15_s5,DoorToDoor_Choice_CommonRouting,price_sensitive,73,13,0.1780821917808219,0.1780821917808219,0.4246575342465753,0.3972602739726027,6544.107511281488,0.0,7640.204840129659,0.11830945369829172,0.22099203210966256,completed
equity_type_outcomes,equity_type_outcomes:equity_default_choice_parameters:scale_200:seed_5,5,200,synthetic_n200_v15_s5,DoorToDoor_Choice_CommonRouting,time_sensitive,67,6,0.08955223880597014,0.08955223880597014,0.4925373134328358,0.417910447761194,2503.3186986623637,0.0,9456.635140393992,0.10905707784143574,0.22099203210966256,completed
equity_type_outcomes,equity_type_outcomes:equity_default_choice_parameters:scale_200:seed_5,5,200,synthetic_n200_v15_s5,DoorToDoor_Choice_CommonRouting,walk_sensitive,60,16,0.26666666666666666,0.26666666666666666,0.3333333333333333,0.4,7423.290788724812,0.0,5392.268999029806,0.21169450698842313,0.22099203210966256,completed
equity_type_outcomes,equity_type_outcomes:equity_default_choice_parameters:scale_200:seed_5,5,200,synthetic_n200_v15_s5,BidirectionalMP_Choice_RH_ALNS,price_sensitive,73,11,0.1506849315068493,0.1506849315068493,0.5068493150684932,0.3424657534246575,393.8076144802731,111.830751344878,1143.4341951147164,0.08076162916185033,0.2142484496632051,completed
equity_type_outcomes,equity_type_outcomes:equity_default_choice_parameters:scale_200:seed_5,5,200,synthetic_n200_v15_s5,BidirectionalMP_Choice_RH_ALNS,time_sensitive,67,5,0.07462686567164178,0.07462686567164178,0.6119402985074627,0.31343283582089554,222.76034703345158,0.0,742.5597398096046,0.1104306258579961,0.2142484496632051,completed
equity_type_outcomes,equity_type_outcomes:equity_default_choice_parameters:scale_200:seed_5,5,200,synthetic_n200_v15_s5,BidirectionalMP_Choice_RH_ALNS,walk_sensitive,60,13,0.21666666666666667,0.21666666666666667,0.3333333333333333,0.45,472.59199373935513,0.0,1038.226128581688,0.15246782456599697,0.2142484496632051,completed
equity_type_outcomes,equity_type_outcomes:equity_default_choice_parameters:scale_200:seed_6,6,200,synthetic_n200_v15_s6,DoorToDoor_Choice_CommonRouting,price_sensitive,73,16,0.2191780821917808,0.2191780821917808,0.6712328767123288,0.1095890410958904,2795.5201086823963,0.0,5046.770576233442,0.145473598948961,0.28300007057522136,completed
equity_type_outcomes,equity_type_outcomes:equity_default_choice_parameters:scale_200:seed_6,6,200,synthetic_n200_v15_s6,DoorToDoor_Choice_CommonRouting,time_sensitive,67,6,0.08955223880597014,0.08955223880597014,0.7761194029850746,0.13432835820895522,1069.2090648993837,0.0,1698.9131093882659,0.1139646858534517,0.28300007057522136,completed
equity_type_outcomes,equity_type_outcomes:equity_default_choice_parameters:scale_200:seed_6,6,200,synthetic_n200_v15_s6,DoorToDoor_Choice_CommonRouting,walk_sensitive,60,23,0.38333333333333336,0.38333333333333336,0.55,0.06666666666666667,2589.7588051428233,0.0,3358.873082072411,0.2588872604697041,0.28300007057522136,completed
equity_type_outcomes,equity_type_outcomes:equity_default_choice_parameters:scale_200:seed_6,6,200,synthetic_n200_v15_s6,BidirectionalMP_Choice_RH_ALNS,price_sensitive,73,11,0.1506849315068493,0.1506849315068493,0.6438356164383562,0.2054794520547945,452.79251175825414,338.08004584130236,1164.286507704231,0.09382616912993236,0.26022792338523537,completed
equity_type_outcomes,equity_type_outcomes:equity_default_choice_parameters:scale_200:seed_6,6,200,synthetic_n200_v15_s6,BidirectionalMP_Choice_RH_ALNS,time_sensitive,67,5,0.07462686567164178,0.07462686567164178,0.5671641791044776,0.3582089552238806,427.22453145076844,0.0,973.1622624069678,0.12465573622115479,0.26022792338523537,completed
equity_type_outcomes,equity_type_outcomes:equity_default_choice_parameters:scale_200:seed_6,6,200,synthetic_n200_v15_s6,BidirectionalMP_Choice_RH_ALNS,walk_sensitive,60,16,0.26666666666666666,0.26666666666666666,0.4166666666666667,0.31666666666666665,260.9305598596026,78.77529059802569,771.5168328191359,0.13298356134852105,0.26022792338523537,completed
equity_type_outcomes,equity_type_outcomes:equity_default_choice_parameters:scale_200:seed_7,7,200,synthetic_n200_v15_s7,DoorToDoor_Choice_CommonRouting,price_sensitive,73,14,0.1917808219178082,0.1917808219178082,0.7534246575342466,0.0547945205479452,462.8947362011634,0.0,5338.035138435896,0.12274139259554281,0.37779085289856473,completed
equity_type_outcomes,equity_type_outcomes:equity_default_choice_parameters:scale_200:seed_7,7,200,synthetic_n200_v15_s7,DoorToDoor_Choice_CommonRouting,time_sensitive,67,4,0.05970149253731343,0.05970149253731343,0.9104477611940298,0.029850746268656716,1218.3431347349506,0.0,3453.537815379217,0.15463064442123567,0.37779085289856473,completed
equity_type_outcomes,equity_type_outcomes:equity_default_choice_parameters:scale_200:seed_7,7,200,synthetic_n200_v15_s7,DoorToDoor_Choice_CommonRouting,walk_sensitive,60,28,0.4666666666666667,0.4666666666666667,0.48333333333333334,0.05,1036.1338704518691,0.0,5697.451001377407,0.30685635765076386,0.37779085289856473,completed
equity_type_outcomes,equity_type_outcomes:equity_default_choice_parameters:scale_200:seed_7,7,200,synthetic_n200_v15_s7,BidirectionalMP_Choice_RH_ALNS,price_sensitive,73,9,0.1232876712328767,0.1232876712328767,0.6164383561643836,0.2602739726027397,478.04466595548666,0.0,1074.4927230230674,0.08646122474619237,0.3635172323417639,completed
equity_type_outcomes,equity_type_outcomes:equity_default_choice_parameters:scale_200:seed_7,7,200,synthetic_n200_v15_s7,BidirectionalMP_Choice_RH_ALNS,time_sensitive,67,3,0.04477611940298507,0.04477611940298507,0.6417910447761194,0.31343283582089554,359.02129663318146,459.31269072702634,440.347345627237,0.026940889751544336,0.3635172323417639,completed
equity_type_outcomes,equity_type_outcomes:equity_default_choice_parameters:scale_200:seed_7,7,200,synthetic_n200_v15_s7,BidirectionalMP_Choice_RH_ALNS,walk_sensitive,60,18,0.3,0.3,0.38333333333333336,0.31666666666666665,495.8424220455172,0.0,956.1886487628976,0.19260710620254637,0.3635172323417639,completed
equity_type_outcomes,equity_type_outcomes:equity_default_choice_parameters:scale_200:seed_8,8,200,synthetic_n200_v15_s8,DoorToDoor_Choice_CommonRouting,price_sensitive,73,15,0.2054794520547945,0.2054794520547945,0.6575342465753424,0.136986301369863,2772.6830398673515,0.0,5353.3711706232025,0.13565988091424597,0.36418899090261214,completed
equity_type_outcomes,equity_type_outcomes:equity_default_choice_parameters:scale_200:seed_8,8,200,synthetic_n200_v15_s8,DoorToDoor_Choice_CommonRouting,time_sensitive,67,3,0.04477611940298507,0.04477611940298507,0.8059701492537313,0.14925373134328357,104.56302683127615,0.0,4481.451446206706,0.049184821147108336,0.36418899090261214,completed
equity_type_outcomes,equity_type_outcomes:equity_default_choice_parameters:scale_200:seed_8,8,200,synthetic_n200_v15_s8,DoorToDoor_Choice_CommonRouting,walk_sensitive,60,24,0.4,0.4,0.48333333333333334,0.11666666666666667,3260.516055096039,0.0,5803.773595817799,0.27225146581040904,0.36418899090261214,completed
equity_type_outcomes,equity_type_outcomes:equity_default_choice_parameters:scale_200:seed_8,8,200,synthetic_n200_v15_s8,BidirectionalMP_Choice_RH_ALNS,price_sensitive,73,12,0.1643835616438356,0.1643835616438356,0.5616438356164384,0.273972602739726,418.185129196521,0.0,1101.8319429335754,0.09410010669803329,0.3229246669019168,completed
equity_type_outcomes,equity_type_outcomes:equity_default_choice_parameters:scale_200:seed_8,8,200,synthetic_n200_v15_s8,BidirectionalMP_Choice_RH_ALNS,time_sensitive,67,3,0.04477611940298507,0.04477611940298507,0.6567164179104478,0.29850746268656714,210.96385436431743,722.7430969215842,639.8917725469855,0.0668478822508496,0.3229246669019168,completed
equity_type_outcomes,equity_type_outcomes:equity_default_choice_parameters:scale_200:seed_8,8,200,synthetic_n200_v15_s8,BidirectionalMP_Choice_RH_ALNS,walk_sensitive,60,17,0.2833333333333333,0.2833333333333333,0.4166666666666667,0.3,328.6871396669293,0.0,1090.9386780312323,0.18683437290659094,0.3229246669019168,completed
equity_type_outcomes,equity_type_outcomes:equity_default_choice_parameters:scale_200:seed_9,9,200,synthetic_n200_v15_s9,DoorToDoor_Choice_CommonRouting,price_sensitive,73,14,0.1917808219178082,0.1917808219178082,0.589041095890411,0.2191780821917808,1098.2142167296565,0.0,6512.6231179514625,0.13124371997050885,0.31192945655129556,completed
equity_type_outcomes,equity_type_outcomes:equity_default_choice_parameters:scale_200:seed_9,9,200,synthetic_n200_v15_s9,DoorToDoor_Choice_CommonRouting,time_sensitive,67,4,0.05970149253731343,0.05970149253731343,0.7313432835820896,0.208955223880597,5344.645157396649,0.0,4432.682561305353,0.1455152780748691,0.31192945655129556,completed
equity_type_outcomes,equity_type_outcomes:equity_default_choice_parameters:scale_200:seed_9,9,200,synthetic_n200_v15_s9,DoorToDoor_Choice_CommonRouting,walk_sensitive,60,20,0.3333333333333333,0.3333333333333333,0.5166666666666667,0.15,1806.2367384768536,0.0,5638.537948635625,0.20181133230701012,0.31192945655129556,completed
equity_type_outcomes,equity_type_outcomes:equity_default_choice_parameters:scale_200:seed_9,9,200,synthetic_n200_v15_s9,BidirectionalMP_Choice_RH_ALNS,price_sensitive,73,5,0.0684931506849315,0.0684931506849315,0.589041095890411,0.3424657534246575,302.4190252982931,452.315099664046,1497.8491448722957,0.048652992157888375,0.263622006189961,completed
equity_type_outcomes,equity_type_outcomes:equity_default_choice_parameters:scale_200:seed_9,9,200,synthetic_n200_v15_s9,BidirectionalMP_Choice_RH_ALNS,time_sensitive,67,6,0.08955223880597014,0.08955223880597014,0.6119402985074627,0.29850746268656714,693.5816235825215,0.0,762.4044172732737,0.10738180267522425,0.263622006189961,completed
equity_type_outcomes,equity_type_outcomes:equity_default_choice_parameters:scale_200:seed_9,9,200,synthetic_n200_v15_s9,BidirectionalMP_Choice_RH_ALNS,walk_sensitive,60,13,0.21666666666666667,0.21666666666666667,0.38333333333333336,0.4,447.72262912513656,0.0,822.4469376971657,0.1309184670622794,0.263622006189961,completed
equity_type_outcomes,equity_type_outcomes:equity_default_choice_parameters:scale_200:seed_10,10,200,synthetic_n200_v15_s10,DoorToDoor_Choice_CommonRouting,price_sensitive,73,13,0.1780821917808219,0.1780821917808219,0.684931506849315,0.136986301369863,2627.175524679537,0.0,5320.388561077647,0.11571705390772952,0.2681987844677649,completed
equity_type_outcomes,equity_type_outcomes:equity_default_choice_parameters:scale_200:seed_10,10,200,synthetic_n200_v15_s10,DoorToDoor_Choice_CommonRouting,time_sensitive,67,8,0.11940298507462686,0.11940298507462686,0.8507462686567164,0.029850746268656716,198.9998354341575,0.0,4255.151970191133,0.19554921020333974,0.2681987844677649,completed
equity_type_outcomes,equity_type_outcomes:equity_default_choice_parameters:scale_200:seed_10,10,200,synthetic_n200_v15_s10,DoorToDoor_Choice_CommonRouting,walk_sensitive,60,24,0.4,0.4,0.5,0.1,3150.1423665734023,0.0,6944.3811010293475,0.2411442041071176,0.2681987844677649,completed
equity_type_outcomes,equity_type_outcomes:equity_default_choice_parameters:scale_200:seed_10,10,200,synthetic_n200_v15_s10,BidirectionalMP_Choice_RH_ALNS,price_sensitive,73,12,0.1643835616438356,0.1643835616438356,0.6712328767123288,0.1643835616438356,319.17224958391773,95.48864363721127,1206.5033727541895,0.09947674014344066,0.3214471912472383,completed
equity_type_outcomes,equity_type_outcomes:equity_default_choice_parameters:scale_200:seed_10,10,200,synthetic_n200_v15_s10,BidirectionalMP_Choice_RH_ALNS,time_sensitive,67,5,0.07462686567164178,0.07462686567164178,0.7313432835820896,0.19402985074626866,579.0906888670145,0.0,818.7026597904025,0.10501789244511098,0.3214471912472383,completed
equity_type_outcomes,equity_type_outcomes:equity_default_choice_parameters:scale_200:seed_10,10,200,synthetic_n200_v15_s10,BidirectionalMP_Choice_RH_ALNS,walk_sensitive,60,22,0.36666666666666664,0.36666666666666664,0.4666666666666667,0.16666666666666666,392.53860987648,0.0,898.2763967546547,0.17827711040083882,0.3214471912472383,completed
equity_type_outcomes,equity_type_outcomes:equity_default_choice_parameters:scale_300:seed_1,1,300,synthetic_n300_v20_s1,DoorToDoor_Choice_CommonRouting,price_sensitive,105,22,0.20952380952380953,0.20952380952380953,0.6571428571428571,0.13333333333333333,5933.447799733752,0.0,5817.353217140316,0.16076954597911264,0.292244400426634,completed
equity_type_outcomes,equity_type_outcomes:equity_default_choice_parameters:scale_300:seed_1,1,300,synthetic_n300_v20_s1,DoorToDoor_Choice_CommonRouting,time_sensitive,100,8,0.08,0.08,0.76,0.16,12189.674493261246,0.0,4853.032370343064,0.12211258101532022,0.292244400426634,completed
equity_type_outcomes,equity_type_outcomes:equity_default_choice_parameters:scale_300:seed_1,1,300,synthetic_n300_v20_s1,DoorToDoor_Choice_CommonRouting,walk_sensitive,95,35,0.3684210526315789,0.3684210526315789,0.5578947368421052,0.07368421052631578,3440.7288136632706,0.0,7399.671630214943,0.25965627949446035,0.292244400426634,completed
equity_type_outcomes,equity_type_outcomes:equity_default_choice_parameters:scale_300:seed_1,1,300,synthetic_n300_v20_s1,BidirectionalMP_Choice_RH_ALNS,price_sensitive,105,19,0.18095238095238095,0.18095238095238095,0.6,0.21904761904761905,320.17881240658363,0.0,1080.4818265059541,0.10637472657755,0.19326201784366814,completed
equity_type_outcomes,equity_type_outcomes:equity_default_choice_parameters:scale_300:seed_1,1,300,synthetic_n300_v20_s1,BidirectionalMP_Choice_RH_ALNS,time_sensitive,100,11,0.11,0.11,0.68,0.21,450.30284095225346,0.0,670.9544264514547,0.14133319235529446,0.19326201784366814,completed
equity_type_outcomes,equity_type_outcomes:equity_default_choice_parameters:scale_300:seed_1,1,300,synthetic_n300_v20_s1,BidirectionalMP_Choice_RH_ALNS,walk_sensitive,95,26,0.2736842105263158,0.2736842105263158,0.45263157894736844,0.2736842105263158,331.6074080249136,82.95911108017368,1233.8823917303341,0.22333708540282882,0.19326201784366814,completed
equity_type_outcomes,equity_type_outcomes:equity_default_choice_parameters:scale_300:seed_2,2,300,synthetic_n300_v20_s2,DoorToDoor_Choice_CommonRouting,price_sensitive,105,19,0.18095238095238095,0.18095238095238095,0.5333333333333333,0.2857142857142857,5209.782683200017,0.0,3434.246446173636,0.11342545668518486,0.324088929635572,completed
equity_type_outcomes,equity_type_outcomes:equity_default_choice_parameters:scale_300:seed_2,2,300,synthetic_n300_v20_s2,DoorToDoor_Choice_CommonRouting,time_sensitive,100,5,0.05,0.05,0.64,0.31,3271.0805479861788,0.0,6664.687141778903,0.0846073313272285,0.324088929635572,completed
equity_type_outcomes,equity_type_outcomes:equity_default_choice_parameters:scale_300:seed_2,2,300,synthetic_n300_v20_s2,DoorToDoor_Choice_CommonRouting,walk_sensitive,95,30,0.3157894736842105,0.3157894736842105,0.42105263157894735,0.2631578947368421,3110.3872430141214,0.0,7350.917172707462,0.21142140072630608,0.324088929635572,completed
equity_type_outcomes,equity_type_outcomes:equity_default_choice_parameters:scale_300:seed_2,2,300,synthetic_n300_v20_s2,BidirectionalMP_Choice_RH_ALNS,price_sensitive,105,21,0.2,0.2,0.6857142857142857,0.11428571428571428,379.38440122713257,0.0,872.3996290447619,0.09842731617534027,0.2931483087597573,completed
equity_type_outcomes,equity_type_outcomes:equity_default_choice_parameters:scale_300:seed_2,2,300,synthetic_n300_v20_s2,BidirectionalMP_Choice_RH_ALNS,time_sensitive,100,7,0.07,0.07,0.8,0.13,337.4439394319435,189.0204256911513,617.261594367871,0.10031799457704015,0.2931483087597573,completed
equity_type_outcomes,equity_type_outcomes:equity_default_choice_parameters:scale_300:seed_2,2,300,synthetic_n300_v20_s2,BidirectionalMP_Choice_RH_ALNS,walk_sensitive,95,32,0.3368421052631579,0.3368421052631579,0.47368421052631576,0.18947368421052632,318.23961230480506,0.0,1036.5843885588977,0.19429356637941453,0.2931483087597573,completed
equity_type_outcomes,equity_type_outcomes:equity_default_choice_parameters:scale_300:seed_3,3,300,synthetic_n300_v20_s3,DoorToDoor_Choice_CommonRouting,price_sensitive,105,24,0.22857142857142856,0.22857142857142856,0.6857142857142857,0.08571428571428572,3046.0013863891545,0.0,9501.169206178678,0.15137940237428177,0.32635322007111833,completed
equity_type_outcomes,equity_type_outcomes:equity_default_choice_parameters:scale_300:seed_3,3,300,synthetic_n300_v20_s3,DoorToDoor_Choice_CommonRouting,time_sensitive,100,8,0.08,0.08,0.84,0.08,1663.6908415778114,0.0,2070.5519688662134,0.12080415630325131,0.32635322007111833,completed
equity_type_outcomes,equity_type_outcomes:equity_default_choice_parameters:scale_300:seed_3,3,300,synthetic_n300_v20_s3,DoorToDoor_Choice_CommonRouting,walk_sensitive,95,43,0.45263157894736844,0.45263157894736844,0.49473684210526314,0.05263157894736842,4373.110177541518,0.0,7290.410832011474,0.29460796442782,0.32635322007111833,completed
equity_type_outcomes,equity_type_outcomes:equity_default_choice_parameters:scale_300:seed_3,3,300,synthetic_n300_v20_s3,BidirectionalMP_Choice_RH_ALNS,price_sensitive,105,14,0.13333333333333333,0.13333333333333333,0.49523809523809526,0.37142857142857144,359.7724304348555,71.99204720842127,908.4761526858384,0.07478866509542076,0.3644590703414232,completed
equity_type_outcomes,equity_type_outcomes:equity_default_choice_parameters:scale_300:seed_3,3,300,synthetic_n300_v20_s3,BidirectionalMP_Choice_RH_ALNS,time_sensitive,100,3,0.03,0.03,0.49,0.48,451.5877063025342,0.0,525.0366488795981,0.041739058694402316,0.3644590703414232,completed
equity_type_outcomes,equity_type_outcomes:equity_default_choice_parameters:scale_300:seed_3,3,300,synthetic_n300_v20_s3,BidirectionalMP_Choice_RH_ALNS,walk_sensitive,95,25,0.2631578947368421,0.2631578947368421,0.35789473684210527,0.37894736842105264,477.56682864947913,0.0,1019.8940959130031,0.17203614936518377,0.3644590703414232,completed
equity_type_outcomes,equity_type_outcomes:equity_default_choice_parameters:scale_300:seed_4,4,300,synthetic_n300_v20_s4,DoorToDoor_Choice_CommonRouting,price_sensitive,105,17,0.1619047619047619,0.1619047619047619,0.44761904761904764,0.3904761904761905,8325.128281575753,0.0,6833.450922545989,0.09334296956836441,0.29080118694362045,completed
equity_type_outcomes,equity_type_outcomes:equity_default_choice_parameters:scale_300:seed_4,4,300,synthetic_n300_v20_s4,DoorToDoor_Choice_CommonRouting,time_sensitive,100,5,0.05,0.05,0.45,0.5,11220.194321039686,0.0,1127.2912980585995,0.09008441184479186,0.29080118694362045,completed
equity_type_outcomes,equity_type_outcomes:equity_default_choice_parameters:scale_300:seed_4,4,300,synthetic_n300_v20_s4,DoorToDoor_Choice_CommonRouting,walk_sensitive,95,24,0.25263157894736843,0.25263157894736843,0.30526315789473685,0.4421052631578947,6284.97497016782,0.0,6919.230706418922,0.17665555595037943,0.29080118694362045,completed
equity_type_outcomes,equity_type_outcomes:equity_default_choice_parameters:scale_300:seed_4,4,300,synthetic_n300_v20_s4,BidirectionalMP_Choice_RH_ALNS,price_sensitive,105,11,0.10476190476190476,0.10476190476190476,0.6,0.29523809523809524,658.2432350833461,196.02131798981438,1182.7260231831892,0.0717267150685881,0.32491139819366666,completed
equity_type_outcomes,equity_type_outcomes:equity_default_choice_parameters:scale_300:seed_4,4,300,synthetic_n300_v20_s4,BidirectionalMP_Choice_RH_ALNS,time_sensitive,100,6,0.06,0.06,0.65,0.29,573.6983075226206,0.0,771.9425895829437,0.10145683668876568,0.32491139819366666,completed
equity_type_outcomes,equity_type_outcomes:equity_default_choice_parameters:scale_300:seed_4,4,300,synthetic_n300_v20_s4,BidirectionalMP_Choice_RH_ALNS,walk_sensitive,95,26,0.2736842105263158,0.2736842105263158,0.4421052631578947,0.28421052631578947,538.0048673345075,248.35369053858156,982.533658194497,0.2192874695764265,0.32491139819366666,completed
equity_type_outcomes,equity_type_outcomes:equity_default_choice_parameters:scale_300:seed_5,5,300,synthetic_n300_v20_s5,DoorToDoor_Choice_CommonRouting,price_sensitive,105,26,0.24761904761904763,0.24761904761904763,0.7333333333333333,0.01904761904761905,2083.4118955447484,0.0,6681.029809619838,0.17270663861435964,0.28369250562881976,completed
equity_type_outcomes,equity_type_outcomes:equity_default_choice_parameters:scale_300:seed_5,5,300,synthetic_n300_v20_s5,DoorToDoor_Choice_CommonRouting,time_sensitive,100,10,0.1,0.1,0.87,0.03,3777.218264417078,0.0,5426.583592394937,0.19323264237518398,0.28369250562881976,completed
equity_type_outcomes,equity_type_outcomes:equity_default_choice_parameters:scale_300:seed_5,5,300,synthetic_n300_v20_s5,DoorToDoor_Choice_CommonRouting,walk_sensitive,95,41,0.43157894736842106,0.43157894736842106,0.5473684210526316,0.021052631578947368,2582.689865398883,0.0,4547.2137472311715,0.2912457680719,0.28369250562881976,completed
equity_type_outcomes,equity_type_outcomes:equity_default_choice_parameters:scale_300:seed_5,5,300,synthetic_n300_v20_s5,BidirectionalMP_Choice_RH_ALNS,price_sensitive,105,18,0.17142857142857143,0.17142857142857143,0.6190476190476191,0.20952380952380953,459.7689200968073,0.0,1256.5571329984946,0.11826495037379363,0.23728813559322037,completed
equity_type_outcomes,equity_type_outcomes:equity_default_choice_parameters:scale_300:seed_5,5,300,synthetic_n300_v20_s5,BidirectionalMP_Choice_RH_ALNS,time_sensitive,100,9,0.09,0.09,0.74,0.17,306.4366745259279,0.0,1112.77959188148,0.20215770328588184,0.23728813559322037,completed
equity_type_outcomes,equity_type_outcomes:equity_default_choice_parameters:scale_300:seed_5,5,300,synthetic_n300_v20_s5,BidirectionalMP_Choice_RH_ALNS,walk_sensitive,95,27,0.28421052631578947,0.28421052631578947,0.49473684210526314,0.22105263157894736,548.2740111173642,76.33988400965416,1123.5020652945168,0.18569632767992472,0.23728813559322037,completed
equity_type_outcomes,equity_type_outcomes:equity_default_choice_parameters:scale_300:seed_6,6,300,synthetic_n300_v20_s6,DoorToDoor_Choice_CommonRouting,price_sensitive,105,23,0.21904761904761905,0.21904761904761905,0.6952380952380952,0.08571428571428572,4969.073245065934,0.0,7091.782814585928,0.16215431052901674,0.2539800074046652,completed
equity_type_outcomes,equity_type_outcomes:equity_default_choice_parameters:scale_300:seed_6,6,300,synthetic_n300_v20_s6,DoorToDoor_Choice_CommonRouting,time_sensitive,100,10,0.1,0.1,0.79,0.11,5612.388796272802,0.0,2901.3250724175437,0.17154134486829203,0.2539800074046652,completed
equity_type_outcomes,equity_type_outcomes:equity_default_choice_parameters:scale_300:seed_6,6,300,synthetic_n300_v20_s6,DoorToDoor_Choice_CommonRouting,walk_sensitive,95,34,0.35789473684210527,0.35789473684210527,0.5157894736842106,0.12631578947368421,4079.9876599026775,0.0,5674.571774439863,0.24085376190587507,0.2539800074046652,completed
equity_type_outcomes,equity_type_outcomes:equity_default_choice_parameters:scale_300:seed_6,6,300,synthetic_n300_v20_s6,BidirectionalMP_Choice_RH_ALNS,price_sensitive,105,16,0.1523809523809524,0.1523809523809524,0.6761904761904762,0.17142857142857143,518.6708118221213,275.3875589920568,1207.0860680573824,0.13646293078727023,0.24496572863893729,completed
equity_type_outcomes,equity_type_outcomes:equity_default_choice_parameters:scale_300:seed_6,6,300,synthetic_n300_v20_s6,BidirectionalMP_Choice_RH_ALNS,time_sensitive,100,11,0.11,0.11,0.61,0.28,393.5113204477961,162.59479618864842,748.3445106246353,0.15667323982310827,0.24496572863893729,completed
equity_type_outcomes,equity_type_outcomes:equity_default_choice_parameters:scale_300:seed_6,6,300,synthetic_n300_v20_s6,BidirectionalMP_Choice_RH_ALNS,walk_sensitive,95,31,0.3263157894736842,0.3263157894736842,0.4842105263157895,0.18947368421052632,299.71407357869316,0.0,618.4878460917422,0.16413534656535844,0.24496572863893729,completed
equity_type_outcomes,equity_type_outcomes:equity_default_choice_parameters:scale_300:seed_7,7,300,synthetic_n300_v20_s7,DoorToDoor_Choice_CommonRouting,price_sensitive,105,21,0.2,0.2,0.7238095238095238,0.0761904761904762,4353.364637795707,0.0,5685.894582002241,0.12045808084729313,0.3024494142705003,completed
equity_type_outcomes,equity_type_outcomes:equity_default_choice_parameters:scale_300:seed_7,7,300,synthetic_n300_v20_s7,DoorToDoor_Choice_CommonRouting,time_sensitive,100,8,0.08,0.08,0.88,0.04,5265.405392870117,0.0,5654.091810741549,0.1629308641820747,0.3024494142705003,completed
equity_type_outcomes,equity_type_outcomes:equity_default_choice_parameters:scale_300:seed_7,7,300,synthetic_n300_v20_s7,DoorToDoor_Choice_CommonRouting,walk_sensitive,95,36,0.37894736842105264,0.37894736842105264,0.5578947368421052,0.06315789473684211,2336.5726159736064,0.0,7267.305391996033,0.2572032831203118,0.3024494142705003,completed
equity_type_outcomes,equity_type_outcomes:equity_default_choice_parameters:scale_300:seed_7,7,300,synthetic_n300_v20_s7,BidirectionalMP_Choice_RH_ALNS,price_sensitive,105,14,0.13333333333333333,0.13333333333333333,0.6571428571428571,0.20952380952380953,335.17226786945577,0.0,919.6272245618924,0.0975496709947769,0.34198186933416697,completed
equity_type_outcomes,equity_type_outcomes:equity_default_choice_parameters:scale_300:seed_7,7,300,synthetic_n300_v20_s7,BidirectionalMP_Choice_RH_ALNS,time_sensitive,100,7,0.07,0.07,0.76,0.17,148.41998102338474,0.0,607.5558658040608,0.0850573434602445,0.34198186933416697,completed
equity_type_outcomes,equity_type_outcomes:equity_default_choice_parameters:scale_300:seed_7,7,300,synthetic_n300_v20_s7,BidirectionalMP_Choice_RH_ALNS,walk_sensitive,95,34,0.35789473684210527,0.35789473684210527,0.4842105263157895,0.15789473684210525,408.93898450367976,124.68763653637416,789.1128423168639,0.1979529310858477,0.34198186933416697,completed
equity_type_outcomes,equity_type_outcomes:equity_default_choice_parameters:scale_300:seed_8,8,300,synthetic_n300_v20_s8,DoorToDoor_Choice_CommonRouting,price_sensitive,105,28,0.26666666666666666,0.26666666666666666,0.7333333333333333,0.0,2034.5956182037264,0.0,4807.995395094889,0.16044919253745915,0.27171492204899783,completed
equity_type_outcomes,equity_type_outcomes:equity_default_choice_parameters:scale_300:seed_8,8,300,synthetic_n300_v20_s8,DoorToDoor_Choice_CommonRouting,time_sensitive,100,10,0.1,0.1,0.87,0.03,3907.914188962333,0.0,1929.746874260535,0.18677962357275796,0.27171492204899783,completed
equity_type_outcomes,equity_type_outcomes:equity_default_choice_parameters:scale_300:seed_8,8,300,synthetic_n300_v20_s8,DoorToDoor_Choice_CommonRouting,walk_sensitive,95,40,0.42105263157894735,0.42105263157894735,0.5578947368421052,0.021052631578947368,2353.031877599861,0.0,6492.687714401475,0.2918274718093563,0.27171492204899783,completed
equity_type_outcomes,equity_type_outcomes:equity_default_choice_parameters:scale_300:seed_8,8,300,synthetic_n300_v20_s8,BidirectionalMP_Choice_RH_ALNS,price_sensitive,105,19,0.18095238095238095,0.18095238095238095,0.6285714285714286,0.19047619047619047,320.80152698694843,48.66460446739395,1174.8994238761784,0.16453159593371852,0.2955053389620066,completed
equity_type_outcomes,equity_type_outcomes:equity_default_choice_parameters:scale_300:seed_8,8,300,synthetic_n300_v20_s8,BidirectionalMP_Choice_RH_ALNS,time_sensitive,100,5,0.05,0.05,0.73,0.22,290.8468306822755,0.0,568.0340226007432,0.0678547590743126,0.2955053389620066,completed
equity_type_outcomes,equity_type_outcomes:equity_default_choice_parameters:scale_300:seed_8,8,300,synthetic_n300_v20_s8,BidirectionalMP_Choice_RH_ALNS,walk_sensitive,95,26,0.2736842105263158,0.2736842105263158,0.4421052631578947,0.28421052631578947,471.32837253637587,0.0,1217.33130635067,0.2216211332487084,0.2955053389620066,completed
equity_type_outcomes,equity_type_outcomes:equity_default_choice_parameters:scale_300:seed_9,9,300,synthetic_n300_v20_s9,DoorToDoor_Choice_CommonRouting,price_sensitive,105,27,0.2571428571428571,0.2571428571428571,0.7047619047619048,0.0380952380952381,1922.8196055386672,0.0,3663.252929198833,0.16984575190323412,0.3077498046410494,completed
equity_type_outcomes,equity_type_outcomes:equity_default_choice_parameters:scale_300:seed_9,9,300,synthetic_n300_v20_s9,DoorToDoor_Choice_CommonRouting,time_sensitive,100,7,0.07,0.07,0.88,0.05,741.2240604984887,0.0,4820.45129420951,0.18260444710777052,0.3077498046410494,completed
equity_type_outcomes,equity_type_outcomes:equity_default_choice_parameters:scale_300:seed_9,9,300,synthetic_n300_v20_s9,DoorToDoor_Choice_CommonRouting,walk_sensitive,95,39,0.4105263157894737,0.4105263157894737,0.5368421052631579,0.05263157894736842,3273.667396802703,0.0,5482.3076694606525,0.28820182697931707,0.3077498046410494,completed
equity_type_outcomes,equity_type_outcomes:equity_default_choice_parameters:scale_300:seed_9,9,300,synthetic_n300_v20_s9,BidirectionalMP_Choice_RH_ALNS,price_sensitive,105,16,0.1523809523809524,0.1523809523809524,0.6095238095238096,0.23809523809523808,348.11656337000784,0.0,817.3436993218545,0.07929299082820077,0.19428680433020196,completed
equity_type_outcomes,equity_type_outcomes:equity_default_choice_parameters:scale_300:seed_9,9,300,synthetic_n300_v20_s9,BidirectionalMP_Choice_RH_ALNS,time_sensitive,100,11,0.11,0.11,0.7,0.19,351.22059224415847,0.0,1060.0816703029498,0.20241744966343944,0.19428680433020196,completed
equity_type_outcomes,equity_type_outcomes:equity_default_choice_parameters:scale_300:seed_9,9,300,synthetic_n300_v20_s9,BidirectionalMP_Choice_RH_ALNS,walk_sensitive,95,25,0.2631578947368421,0.2631578947368421,0.5263157894736842,0.21052631578947367,404.4182435571387,59.73458437361396,972.22147279065,0.16822350131703076,0.19428680433020196,completed
equity_type_outcomes,equity_type_outcomes:equity_default_choice_parameters:scale_300:seed_10,10,300,synthetic_n300_v20_s10,DoorToDoor_Choice_CommonRouting,price_sensitive,105,20,0.19047619047619047,0.19047619047619047,0.7238095238095238,0.08571428571428572,3993.5117645472465,0.0,5982.11147786741,0.1258308819128208,0.32769058728261324,completed
equity_type_outcomes,equity_type_outcomes:equity_default_choice_parameters:scale_300:seed_10,10,300,synthetic_n300_v20_s10,DoorToDoor_Choice_CommonRouting,time_sensitive,100,7,0.07,0.07,0.92,0.01,3042.809861505885,0.0,7120.54366334043,0.1128723427746803,0.32769058728261324,completed
equity_type_outcomes,equity_type_outcomes:equity_default_choice_parameters:scale_300:seed_10,10,300,synthetic_n300_v20_s10,DoorToDoor_Choice_CommonRouting,walk_sensitive,95,37,0.3894736842105263,0.3894736842105263,0.5368421052631579,0.07368421052631578,4005.5255995293455,0.0,7272.693018924108,0.25473303172602973,0.32769058728261324,completed
equity_type_outcomes,equity_type_outcomes:equity_default_choice_parameters:scale_300:seed_10,10,300,synthetic_n300_v20_s10,BidirectionalMP_Choice_RH_ALNS,price_sensitive,105,6,0.05714285714285714,0.05714285714285714,0.47619047619047616,0.4666666666666667,300.9732144121804,256.1964882808399,942.5624198848478,0.02883936215683443,0.3474608629247804,completed
equity_type_outcomes,equity_type_outcomes:equity_default_choice_parameters:scale_300:seed_10,10,300,synthetic_n300_v20_s10,BidirectionalMP_Choice_RH_ALNS,time_sensitive,100,5,0.05,0.05,0.48,0.47,429.1549706013866,0.0,932.7337304659832,0.11469627218052086,0.3474608629247804,completed
equity_type_outcomes,equity_type_outcomes:equity_default_choice_parameters:scale_300:seed_10,10,300,synthetic_n300_v20_s10,BidirectionalMP_Choice_RH_ALNS,walk_sensitive,95,21,0.22105263157894736,0.22105263157894736,0.30526315789473685,0.47368421052631576,657.6580395112704,82.0749720952512,992.8337654763815,0.1434185159040631,0.3474608629247804,completed
